{"cameraMode":{"drawMode":0,"name":"Shaded","section":"Shading Mode"},"sceneLighting":true,"audioPlay":false,"sceneViewState":{"m_AlwaysRefresh":false,"showFog":true,"showSkybox":true,"showFlares":true,"showImageEffects":true,"showParticleSystems":true,"showVisualEffectGraphs":true,"m_FxEnabled":true},"in2DMode":false,"pivot":{"x":57.6685905456543,"y":-0.9380689263343811,"z":24.878761291503908},"rotation":{"x":0.10033074021339417,"y":-0.001492462819442153,"z":0.0001506450935266912,"w":0.9949537515640259},"size":54.83647918701172,"orthographic":false}